City,County
Atlanta,Fulton
Savannah,Chatham
Marietta,Cobb
Statesboro,Bulloch
Alpharetta,Fulton
Adairsville,Bartow
Mineral Bluff,Fannin
Tybee Island,Chatham
Covington,Newton
Powder Springs,Cobb
Hinesville,Bulloch
Cumming,Forsyth
Winder,Barrow
Mitchel,Warren
Watkinsville,Greene
Rome,Floyd
Athens,Clarke
Norcross,Gwinnett
Toccoa,Stephens
Kennesaw,Cobb
Atlanta,DeKalb
Hartwell,Hart
Harlem,Columbia
Sharpsburg,Coweta
Kingsland,Camden
Brooks,Fayette
Warner Robins,Houston
Dearing,McDuffie
Cedartown,Polk
Madison,Morgan
Dawsonville,Dawson
Toccoa,Rabun
Morrow,Clayton
Martinez,Columbia
Decatur,DeKalb
Milton,Fulton
Canton,Cherokee
Gainesville,Hall
Statham,Jackson
Brunswick,Glynn
Hull,Madison
Jonesboro,Clayton
McDonough,Henry
Lawrenceville,Gwinnett
Peachtree City,Fayette
Douglasville,Douglas
Social Circle,Newton
Richmond Hill,Bryan
Stockbridge,Henry
Hiram,Paulding
Douglasville,Paulding
Snellville,Gwinnett
Loganville,Gwinnett
Dallas,Paulding
Hoboken,Brantley
White Oak,Camden
Ludowici,Long
Saint Simons Island,Glynn
Dacula,Gwinnett
Lula,Banks
Buford,Gwinnett
Fayetteville,Fayette
Watkinsville,Oconee
Roswell,Fulton
Saint Marys,Camden
Duluth,Gwinnett
Smyrna,Cobb
Summerville,Chattooga
Locust Grove,Henry
White,Bartow
Carlton,Oglethorpe
Mansfield,Newton
Augusta,Richmond
Danielsville,Wilkinson
Mabelton,Cobb
Baldwin,Habersham
Adel,Cook
Winterville,Clarke
Waycross,Ware
Bloomingdale,Effingham
Canon,Hart
Monroe,Walton
Danielsville,Madison
Dawsonville,Forsyth
Cartersville,Bartow
Dublin,Laurens
Nashville,Berrien
Conyers,Rockdale
Valdosta,Lowndes
Guyton,Effingham
White Plains,Greene
Cochran,Dodge
St. Mary's,Camden
Acworth,Cobb
Grovetown,Columbia
Appling,Columbia
Lilburn,Gwinnett
Powder Springs,Paulding
Evans,Columbia
Newnan,Coweta
Cleveland,White
Alma,Pierce
Hampton,Henry
Mansfield,Jasper
Blue Ridge,Fannin
Bogart,Oconee
Lithonia,DeKalb
Duluth,Fulton
Woodstock,Cherokee
Hamilton,Harris
Commerce,Banks
Metter,Candler
Augusta,Columbia
Nicholson,Jackson
Pooler,Chatham
Blackshear,Pierce
Bluffton,Clay
Lincolnton,Lincoln
Jasper,Pickens
Alto,Banks
Bonaire,Houston
Williamson,Pike
Austell,Cobb
Alpharetta,Cherokee
Macon,Bibb
Milledgeville,Baldwin
Jekyll Island,Glynn
Tifton,Tift
Blairsville,Union
Union City,Fulton
Flowery Branch,Hall
Grayson,Gwinnett
Villa Rica,Paulding
Doraville,DeKalb
Ellijay,Gilmer
Bremen,Carroll
Covington,Jasper
Tiger,Rabun
Hiawassee,Towns
Grantville,Meriwether
St. Simons Island,Glynn
Bishop,Oconee
Garden City,Chatham
Jefferson,Jackson
Peachtree,Fayette
Newborn,Jasper
Mableton,Cobb
Clayton,Rabun
Helen,White
Cataula,Harris
Young Harris,Towns
Good Hope,Morgan
Farmington,Oconee
Oglethorpe,Macon
Bainbridge,Decatur
Clyo,Effingham
Eastanollee,Stephens
Vidalia,Toombs
Willacoochee,Atkinson
Chester,Dodge
,Taylor
Claxton,Evans
Griffin,Spalding
Newington,Screven
East Point,Fulton
Pembroke,Bulloch
Leesburg,Lee
Homer,Banks
Warrenton,Warren
Wadley,Jefferson
Mitchell,Glascock
Columbus,Muscogee
Knoxville,Crawford
Pearson,Atkinson
Dawson,Terrell
Chatsworth,Murray
Brinson,Decatur
Alma,Bacon
Perry,Houston
Fort Gordon,Richmond
Millen,Jenkins
Buena Vista,Marion
Twin City,Emanuel
Reidsville,Tattnall
Butler,Taylor
Centerville,Houston
Townsend,McIntosh
Darien,McIntosh
Rincon,Effingham
Thunderbolt,Chatham
Moultrie,Colquitt
Ocilla,Irwin
"Richmond Hill
",Bryan
Morris,Quitman
Bristol,Appling
Black Creek,Bryan
Ellavile,Schley
Bloomingdale,Chatham
Harrietts Bluff,Camden
,Cobb
Acworth,Cherokee
Senoia,Coweta
Hephzibah,Richmond
Alpharetta,Forsyth
Acworth,Paulding
Fairburn,Fulton
Suwanee,Gwinnett
Talmo,Jackson
Homerville,Clinch
Oxford,Newton
Milner,Lamar
Kingston,Bartow
Silver Creek,Floyd
Atlanta,Cobb
Tucker,Gwinnett
Pineview,Wilcox
Cornelia,Habersham
White,Cherokee
Waleska,Cherokee
Johns Creek,Fulton
Woodbine,Camden
Colbert,Oglethorpe
Waverly Hall,Harris
Tallapoosa,Harolson
Louisville,Jefferson
Epworth,Fannin
Americus,Sumter
Ringgold,Catoosa
Camilla,Mitchell
Eatonton,Putnam
Sylvania,Screven
West Point,Troup
La Fayette,Walker
Gray,Jones
Pendergrass,Hall
Carollton,Carroll
Hahira,Lowndes
Vienna,Dooly
Arlington,Calhoun
Morganton,Fannin
Villa Rica,Carroll
Rock Spring,Walker
,Fayette
Marshallville,Macon
Thomaston,Upson
Rising Fawn,Dade
Rockmart,Polk
Donalsonville,Seminole
Big Canoe,Pickens
Comer,Madison
Calhoun,Gordon
Quitman,Brooks
Douglas,Coffee
Oakwood,Hall
Chickamauga,Walker
Lafayette,Walker
Athens,Oconee
Baxley,Appling
Enigma,Berrien
Alapaha,Berrien
Talking Rock,Pickens
Bronwood,Terrell
Rochelle,Wilcox
Rebecca,Turner
Ambrose,Coffee
Broxton,Coffee
Meigs,Thomas
Pelham,Mitchell
Newton,Baker
Hampton,Clayton
Morgan,Fannin
Mountain Park,Fulton
Sandy Springs,Fulton
Forest Park,Clayton
Dexter,Laurens
Tunnel Hill,Whitfield
Rocky Face,Whitfield
East Dublin,Laurens
Dahlonega,Lumpkin
Scottdale,DeKalb
Avondale Estates,DeKalb
Carrollton,Carroll
Sandersville,Washington
,Chatham
,Fulton
Jackson,Butts
Forsyth,Monroe
LaGrange,Troup
Thomasville,Thomas
,Meriwether
Resaca,Gordon
Clarkesville,Habersham
Sylvester,Worth
Albany,Dougherty
"Cordele, Crisp County",Crisp
Elberton,Elbert
Monticello,Jasper
Chattahoochee Hills,Fulton
Palmetto,Fulton
College Park,Fulton
Ashburn,Turner
Montezuma,Macon
Juliette,Monroe
Roberta,Crawford
Roswell,Cobb
McRae,Telfair
Soperton,Treutlen
Fort Valley,Crawford
Suwanee,Forsyth
Royston,Franklin
White,Carroll
Demorest,Habersham
McCaysville,Fannin
Whigham,Decatur
Ball Ground,Pickens
Fortson,Harris
Ball Ground,Cherokee
Eastman,Dodge
Fairmount,Gordon
Macon,Monroe
Cherry Log,Fannin
Rising Fawn,Walker
Barnesville,Lamar
Cohutta,Whitfield
Commerce,Jackson
Crawford,Oglethorpe
,Pickens
,Walton
,Forsyth
Buckhead,Morgan
Rutledge,Morgan
Pavo,Thomas
Jesup,Wayne
Dunwoody,DeKalb
Hawkinsville,Pulaski
Winston,Douglas
Tyrone,Fayette
Stone Mountain,DeKalb
Hoschton,Jackson
Macon,Jones
Pine Mountain Valley,Harris
Byron,Crawford
Flovilla,Butts
Gay,Meriwether
Nahunta,Brantley
Waynesboro,Burke
Carnesville,Franklin
Hoschton,Gwinnett
Colquitt,Miller
Dalton,Whitfield
Stephens,Oconee
,Muscogee
Cave Spring,Floyd
Wrens,Jefferson
Dalton,Murray
Port Wentworth,Chatham
Athens,Jackson
Winterville,Oglethorpe
Bogart,Clarke
Emerson,Bartow
Cleveland,Lumpkin
Sugar Hill,Gwinnett
Palmetto,Coweta
Tignall,Wilkes
Fort Stewart,Liberty
St Marys,Camden
Ringgold,Whitfield
Lakeland,Lanier
Lyerly,Chattooga
"Donalsonville,",Seminole
Conley,DeKalb
Richland,Stewart
Kite,Johnson
Abbeville,Wilcox
Greensboro,Greene
Franklin,Heard
Thomson,McDuffie
Unadilla,Dooly
Bremen,Haralson
Edison,Calhoun
Woodland,Talbot
Aragon,Polk
Brookhaven,DeKalb
Clarkston,DeKalb
Chamblee,DeKalb
Boston,Thomas
Ringold,Catoosa
Atlanta,Clayton
Dawnsonville,Dawson
Pine Mountain,Troup
Lexington,Oglethorpe
Ellijay,Dawson
Springs,Fulton
Davisboro,Washington
Arnoldsville,Oglethorpe
Locus Grove,Henry
Cherrylog,Gilmer
Cairo,Grady
Portal,Bulloch
Swainsboro,Emanuel
Adrian,Emanuel
Jakin,Early
Glennville,Tattnall
Climax,Decatur
Ochlocknee,Thomas
Blakely,Early
Lavonia,Franklin
Nicholls,Bacon
Wrightsville,Johnson
Sasser,Terrell
Lenox,Cook
Sparta,Hancock
Plains,Sumter
Shellman,Randolph
Fort Gaines,Clay
Lumpkin,Stewart
Pine Lake,DeKalb
Lyons,Toombs
Lumber City,Telfair
Mdiway,Liberty
Springfield,Effingham
Maysville,Jackson
Ranger,Gordon
Dulut,Gwinnett
Newborn,Morgan
,Bartow
,Burke
,Franklin
,Evans
,DeKalb
,Glynn
,Floyd
,Richmond
,Seminole
,Worth
,Dodge
,Dooly
,Chattahoochee
Colbert,Madison
Gibson,Glascock
Dudley,Laurens
Milan,Dodge
Girard,Burke
Screven,Wayne
Collins,Tattnall
,Pulaski
Woodbury,Meriwether
Social Circle,Walton
Jeffersonville,Twiggs
Greenville,Meriwether
Hazlehurst,Jeff Davis
Leary,Baker
Zebulon,Pike
Cherry Log,Gilmer
Toomsborro,Wilkinson
The Rock,Upson
Shady Dale,Jasper
Toomsboro,Wilkinson
Kathleen,Houston
Forston,Clayton
Armuchee,Floyd
Tucker,DeKalb
Reidsville,Tatnall
Hinesville,Liberty
Atlanta,
Sandy Springs,DeKalb
Oakfield,Worth
Trenton,Dade
Temple,Carroll